{"valid_loss": [0.290067195892334, 0.04434056580066681, 0.019595852121710777, 0.015414549969136715, 0.014525600709021091, 0.014329317957162857, 0.014224719256162643, 0.014284441247582436, 0.014408810064196587, 0.014419774524867535, 0.014292201958596706, 0.014460289850831032, 0.014437529258430004, 0.014467509463429451, 0.014342246577143669, 0.014333643019199371, 0.014539000578224659, 0.01436555851250887, 0.014373108744621277, 0.01403126586228609, 0.01440021675080061, 0.014287682250142097, 0.01435505598783493, 0.014452542178332806, 0.014570017345249653, 0.014470703899860382, 0.014331094920635223, 0.01439503114670515, 0.014355110004544258, 0.0142891900613904, 0.014376780018210411, 0.014278452843427658, 0.014292024075984955, 0.014452701434493065, 0.014306562021374702, 0.01448750589042902, 0.014385067857801914, 0.014335522428154945, 0.01443903986364603, 0.014265388250350952, 0.014303972944617271, 0.014303546398878098, 0.014322450384497643, 0.014308572746813297, 0.014336124993860722, 0.014340925961732864, 0.014419721439480782, 0.014325970783829689, 0.014358526095747948, 0.014273779466748238, 0.014363017864525318, 0.014356911182403564, 0.014292867854237556, 0.014358408749103546, 0.014345208182930946, 0.014253107830882072, 0.014367876574397087, 0.014270664192736149, 0.014408953487873077, 0.014339558780193329, 0.014393619261682034, 0.014273098669946194, 0.01435554027557373, 0.01442007441073656, 0.014262504875659943, 0.014311712235212326, 0.014253771863877773, 0.014267717488110065, 0.014435123652219772, 0.014249717816710472, 0.014239667914807796, 0.01425726618617773], "valid_auc": [0.4880584315588057, 0.6160424647906925, 0.773563688504789, 0.8338697817948351, 0.8517524726955584, 0.8559051418762191, 0.8577787944790957, 0.8560505002809645, 0.8492240883696459, 0.8508974386316972, 0.8560771979941265, 0.8506128236989849, 0.850576829515154, 0.8502527537007226, 0.8543743850267949, 0.853003326444077, 0.8460927500025041, 0.85062430844978, 0.8538402434132624, 0.8630616605907119, 0.8509573597657084, 0.8561374931892507, 0.8537294275551087, 0.8520355557604369, 0.8534900108962942, 0.853751619674637, 0.8551002810382297, 0.8512928923968376, 0.8542170813407751, 0.8550365473132686, 0.8541653224688631, 0.856364582083337, 0.8550277187192319, 0.8547218858354877, 0.8570993938756337, 0.8533712630178859, 0.8537364697082602, 0.8562788098373902, 0.8559762708999648, 0.8567212339369467, 0.8572077882795945, 0.8565503413810266, 0.8565574213723244, 0.855524910915107, 0.8558190487234885, 0.8552867466271854, 0.8524681379491716, 0.8548145604705185, 0.8560224545253564, 0.8563341009766737, 0.8550222324063921, 0.8553612734571903, 0.8544990373092826, 0.8552326448628047, 0.8540367206855958, 0.8566311494212826, 0.8573054412511325, 0.8577612547670801, 0.8525590135565968, 0.8544096882979301, 0.8551797814320818, 0.8571223681030928, 0.8549648428720757, 0.8535567468114476, 0.8574592220747284, 0.8597306499674232, 0.8587489680409878, 0.8570347753837648, 0.8557002795552738, 0.8578240760405867, 0.8583278875569081, 0.8576429504184997]}